{
  "q_table": {
    "0,0,0": 59.61016799167444,
    "0,0,1": 55.62685711604241,
    "1,0,3": -68.618940391,
    "0,0,3": 63.8004755312496,
    "0,1,3": 68.21102687499962,
    "0,2,1": 72.85371249999966,
    "1,2,3": 77.73963938382268,
    "1,3,0": -0.7541499566306219,
    "0,3,0": 16.939947573003426,
    "0,3,2": -1.0240364162127544,
    "0,2,3": 72.84287500310516,
    "0,3,1": 77.73969609350806,
    "1,3,2": 13.201949282048462,
    "1,2,2": -99.9998609915476,
    "0,0,2": 59.61044390537446,
    "1,0,2": 8.721433769723696,
    "1,0,0": 59.61020476635328,
    "0,1,2": 59.60985457521807,
    "1,0,1": -0.27105559611471086,
    "2,0,2": -1.4270349007073106,
    "2,0,0": -1.3664916908564582,
    "0,1,1": -99.99999101855006,
    "0,1,0": 63.80045168697219,
    "0,2,2": 63.8003103102012,
    "2,0,1": -1.3787604523201127,
    "3,0,2": -0.9722159136185583,
    "3,0,1": -0.6761837396869934,
    "4,0,2": -0.47385825000000004,
    "4,0,1": -0.4336279758996684,
    "4,0,0": -0.5697265659793929,
    "3,0,0": -0.8952861970642385,
    "2,0,3": 22.67046472604723,
    "2,1,0": -46.8559,
    "0,2,0": 68.2104644148126,
    "1,2,0": 68.21093991401125,
    "0,3,3": -0.29385847213873784,
    "0,4,0": -0.7782954534296281,
    "0,4,1": 21.86032488169106,
    "1,4,3": 33.99609750320106,
    "1,4,0": 0.7790171483911097,
    "0,4,2": -0.7422148423468579,
    "1,2,1": 77.74074999999971,
    "2,2,0": 72.85333582020883,
    "2,1,2": 1.551985361479143,
    "3,0,3": -10.0,
    "0,4,3": -0.7828559235110952,
    "2,2,2": 72.85122348105061,
    "2,1,3": 77.74053373832136,
    "2,2,3": -99.99998122201933,
    "1,4,1": 88.2999999671191,
    "2,4,1": 93.99999999758518,
    "3,4,2": 11.58486243872357,
    "3,3,3": 25.401002240678658,
    "3,4,1": 99.99999999992514,
    "2,1,1": -27.1,
    "2,2,1": 82.88499999999976,
    "3,2,3": 77.73794344070693,
    "3,3,1": 32.26097930329957,
    "4,3,3": 99.99999999999994,
    "4,0,3": 10.520584070380465,
    "4,1,3": 88.29927267744337,
    "4,2,0": 82.88487987394569,
    "3,2,0": 77.74069628102515,
    "3,2,2": -99.99994614527739,
    "1,3,3": 82.88499976570428,
    "1,4,2": 43.858575115332606,
    "1,3,1": -52.17031,
    "2,4,3": 51.33724640430433,
    "2,4,2": -19.0,
    "3,2,1": 88.29999999999981,
    "4,2,1": 88.29981847022994,
    "4,2,3": 93.99999999999989,
    "4,1,2": 0.05142934759377575,
    "4,1,0": -19.0,
    "2,4,0": 15.614350960843407,
    "4,1,1": 22.35398566069767,
    "4,2,2": 82.87633197463867,
    "4,3,0": 77.73935979680856,
    "3,3,2": 82.88499996491807,
    "4,3,1": 93.99985199966522,
    "3,4,3": 29.345399310208148,
    "4,3,2": 88.29990050585913,
    "3,4,0": 20.14451047644282,
    "3,3,0": -40.951
  },
  "alpha": 0.1,
  "gamma": 0.95,
  "epsilon": 0.05
}